﻿Designator,Footprint,Quantity,Value,LCSC Part #
C1,CP_EIA-7360-38_Kemet-E,1,47u,
C2,0603,1,22nF,
"D1, D2",D_DO-35_SOD27_P7.62mm_Horizontal,2,1N4148,
D3,0603,1,LED,
DS1,WC1602A,1,WC1602A,
F1,0603,1,Fuse,
J1,Service,1,Conn_01x13,
J2,PinHeader_1x13_P2.54mm_Vertical,1,Conn_01x13,
"J4, J5",PinHeader_1x08_P2.54mm_Vertical,2,Conn_01x08,
J6,TE_1-84952-3_1x13-1MP_P1.0mm_Horizontal,1,Conn_01x13_MountingPin,
J7,TE_1-84953-3_1x13-1MP_P1.0mm_Horizontal,1,Conn_01x13_MountingPin,
R1,0603,1,270k,
"R2, R3",0603,2,47k,
"RV1, RV2",Potentiometer_ACP_CA9-V10_Vertical_Hole,2,22k,
SW1,SW_PUSH_6mm,1,[1],
SW10,SW_PUSH_6mm,1,[*],
SW11,SW_PUSH_6mm,1,[0],
SW12,SW_PUSH_6mm,1,[#],
SW13,SW_SPST_Omron_B3F-40xx,1,[1],
SW14,SW_SPST_Omron_B3F-40xx,1,[2],
SW15,SW_SPST_Omron_B3F-40xx,1,[3],
SW16,SW_SPST_Omron_B3F-40xx,1,[4],
SW17,SW_SPST_Omron_B3F-40xx,1,[5],
SW18,SW_SPST_Omron_B3F-40xx,1,[6],
SW19,SW_SPST_Omron_B3F-40xx,1,[7],
SW2,SW_PUSH_6mm,1,[2],
SW20,SW_SPST_Omron_B3F-40xx,1,[8],
SW21,SW_SPST_Omron_B3F-40xx,1,[9],
SW22,SW_SPST_Omron_B3F-40xx,1,[*],
SW23,SW_SPST_Omron_B3F-40xx,1,[0],
SW24,SW_SPST_Omron_B3F-40xx,1,[#],
SW3,SW_PUSH_6mm,1,[3],
SW4,SW_PUSH_6mm,1,[4],
SW5,SW_PUSH_6mm,1,[5],
SW6,SW_PUSH_6mm,1,[6],
SW7,SW_PUSH_6mm,1,[7],
SW8,SW_PUSH_6mm,1,[8],
SW9,SW_PUSH_6mm,1,[9],
"U1, U2",SOIC-16W_5.3x10.2mm_P1.27mm,2,HEF4094B,
